{"cameraMode":{"drawMode":0,"name":"Shaded","section":"Shading Mode"},"sceneLighting":true,"audioPlay":false,"sceneViewState":{"m_AlwaysRefresh":false,"showFog":true,"showSkybox":true,"showFlares":true,"showImageEffects":true,"showParticleSystems":true,"showVisualEffectGraphs":true,"m_FxEnabled":true},"in2DMode":false,"pivot":{"x":0.26254361867904665,"y":0.42457854747772219,"z":0.4204263985157013},"rotation":{"x":0.2348342090845108,"y":0.04517581686377525,"z":-0.010926456190645695,"w":0.970925509929657},"size":0.965923547744751,"orthographic":false}